               epoch,      train/box_loss,      train/obj_loss,      train/cls_loss,   metrics/precision,      metrics/recall,     metrics/mAP_0.5,metrics/mAP_0.5:0.95,        val/box_loss,        val/obj_loss,        val/cls_loss,               x/lr0,               x/lr1,               x/lr2
                   0,            0.095061,            0.025766,            0.059058,             0.58105,             0.28686,             0.16223,            0.097331,            0.085199,            0.011882,            0.039995,             0.07037,           0.0032922,           0.0032922
                   1,            0.071965,            0.022269,            0.027152,             0.81202,             0.29093,             0.30711,             0.28311,            0.082594,           0.0083333,            0.027648,            0.040357,           0.0066124,           0.0066124
                   2,            0.066108,            0.019896,            0.017611,             0.68603,              0.3449,             0.33887,              0.3058,            0.078772,           0.0080319,            0.020206,            0.010331,           0.0099194,           0.0099194
                   3,            0.060309,            0.019227,            0.014149,              0.7689,             0.37731,             0.33803,             0.29829,            0.066726,           0.0079831,            0.013943,           0.0099406,           0.0099406,           0.0099406
                   4,             0.05275,            0.018167,            0.013134,              0.8261,             0.41552,             0.42693,              0.3666,             0.06322,           0.0081618,            0.013848,           0.0099406,           0.0099406,           0.0099406
                   5,            0.050198,            0.017649,            0.012899,             0.86503,             0.38244,             0.43059,             0.35743,            0.063833,           0.0080682,            0.013745,           0.0099208,           0.0099208,           0.0099208
                   6,            0.048005,            0.017188,            0.011294,             0.71512,             0.38609,             0.38026,             0.30393,            0.063986,           0.0085182,            0.014169,            0.009901,            0.009901,            0.009901
                   7,            0.046831,            0.016808,            0.011074,             0.87115,             0.40683,             0.45924,             0.40252,            0.056118,           0.0078177,            0.010226,           0.0098812,           0.0098812,           0.0098812
                   8,             0.04581,            0.016485,            0.011347,             0.83751,             0.37336,             0.40804,               0.363,             0.06201,           0.0075094,            0.011652,           0.0098614,           0.0098614,           0.0098614
                   9,            0.044748,            0.016492,            0.011146,             0.84481,             0.42039,             0.44574,             0.39066,             0.05528,           0.0079063,            0.010081,           0.0098416,           0.0098416,           0.0098416
                  10,            0.043865,            0.016186,            0.011199,             0.89255,             0.42661,             0.49263,             0.39072,            0.051843,           0.0068782,           0.0080242,           0.0098218,           0.0098218,           0.0098218
                  11,            0.043411,            0.015816,            0.010978,             0.82486,              0.4124,             0.45827,             0.36775,            0.050511,           0.0076643,           0.0089593,            0.009802,            0.009802,            0.009802
                  12,            0.041643,             0.01598,            0.010299,             0.80285,             0.41611,             0.41704,             0.37883,            0.065892,           0.0072054,            0.012238,           0.0097822,           0.0097822,           0.0097822
                  13,            0.042043,            0.015747,           0.0098977,              0.7847,             0.42215,             0.44818,             0.35978,            0.054194,           0.0075006,           0.0094004,           0.0097624,           0.0097624,           0.0097624
                  14,            0.041459,            0.016093,            0.010163,             0.85858,             0.42199,             0.46424,             0.40709,            0.053122,            0.007136,           0.0085445,           0.0097426,           0.0097426,           0.0097426
                  15,            0.040121,            0.014947,           0.0094376,             0.86406,             0.43344,             0.48792,             0.36176,            0.048631,            0.006777,           0.0072693,           0.0097228,           0.0097228,           0.0097228
                  16,            0.040412,            0.015529,           0.0088908,              0.8452,             0.45512,             0.49944,             0.42194,            0.049095,           0.0076918,           0.0066292,            0.009703,            0.009703,            0.009703
                  17,            0.039623,            0.015134,           0.0086721,             0.82437,             0.46359,             0.50574,             0.41595,            0.045461,           0.0077215,           0.0067691,           0.0096832,           0.0096832,           0.0096832
                  18,            0.037876,            0.015048,           0.0099101,             0.87462,             0.40866,             0.43956,             0.38722,            0.058026,           0.0069938,             0.01064,           0.0096634,           0.0096634,           0.0096634
                  19,             0.03925,            0.014938,           0.0089268,             0.89011,             0.39031,             0.45834,             0.39362,            0.049369,           0.0077934,           0.0085307,           0.0096436,           0.0096436,           0.0096436
                  20,            0.037761,              0.0141,           0.0086049,             0.84743,             0.41283,             0.44947,             0.36873,            0.053865,           0.0085465,            0.009753,           0.0096238,           0.0096238,           0.0096238
                  21,            0.037435,            0.014047,           0.0093493,             0.84136,             0.42016,             0.43885,             0.37995,            0.055522,           0.0073394,            0.010016,            0.009604,            0.009604,            0.009604
                  22,            0.038136,            0.015052,           0.0095994,             0.86575,             0.40375,             0.45971,             0.39588,            0.050944,           0.0080703,           0.0085855,           0.0095842,           0.0095842,           0.0095842
                  23,            0.037063,            0.014307,           0.0085186,             0.88159,             0.42129,             0.48223,             0.41883,            0.047375,           0.0084585,           0.0081003,           0.0095644,           0.0095644,           0.0095644
                  24,            0.036693,            0.014115,           0.0082097,             0.89311,             0.42837,             0.49612,             0.39422,            0.046935,           0.0068677,           0.0056126,           0.0095446,           0.0095446,           0.0095446
                  25,            0.035897,            0.014088,           0.0086544,             0.85379,              0.4904,              0.5263,             0.43995,            0.043631,           0.0077994,           0.0051425,           0.0095248,           0.0095248,           0.0095248
                  26,            0.036644,            0.014712,           0.0081178,             0.84928,             0.48702,             0.52901,             0.40858,            0.044621,           0.0071943,           0.0049072,            0.009505,            0.009505,            0.009505
                  27,            0.035584,            0.013714,           0.0078528,             0.84172,             0.46832,             0.51565,             0.39373,            0.045173,           0.0070912,           0.0053677,           0.0094852,           0.0094852,           0.0094852
                  28,            0.036258,            0.013953,           0.0082819,             0.84851,             0.45789,             0.50702,             0.38365,            0.048575,           0.0073209,           0.0061714,           0.0094654,           0.0094654,           0.0094654
                  29,            0.035624,            0.014014,           0.0085001,             0.80882,             0.42124,             0.44941,             0.36472,             0.04714,           0.0078106,           0.0077306,           0.0094456,           0.0094456,           0.0094456
                  30,            0.034737,            0.014087,           0.0081581,             0.85571,             0.49146,             0.53367,             0.40513,            0.042413,           0.0074162,           0.0048349,           0.0094258,           0.0094258,           0.0094258
                  31,             0.03584,             0.01381,            0.007721,             0.88265,             0.46416,             0.51923,             0.38003,            0.045012,             0.00725,           0.0049158,            0.009406,            0.009406,            0.009406
                  32,            0.033819,             0.01331,           0.0082215,             0.82856,             0.46704,             0.50405,             0.42657,             0.04354,           0.0064642,           0.0062511,           0.0093862,           0.0093862,           0.0093862
                  33,             0.03467,            0.013862,           0.0081716,             0.88006,             0.41897,             0.46544,             0.40324,            0.050026,           0.0072954,            0.007006,           0.0093664,           0.0093664,           0.0093664
                  34,            0.034081,            0.013464,           0.0078948,             0.85395,             0.50396,              0.5375,             0.42484,            0.042885,           0.0065551,           0.0047068,           0.0093466,           0.0093466,           0.0093466
                  35,            0.034112,            0.013769,           0.0076157,             0.83967,              0.4573,             0.50605,              0.4249,            0.041567,           0.0068238,           0.0050433,           0.0093268,           0.0093268,           0.0093268
                  36,            0.033731,            0.013708,           0.0077619,             0.90833,             0.44517,             0.52072,             0.40221,            0.044751,           0.0073252,           0.0050528,            0.009307,            0.009307,            0.009307
                  37,            0.034017,            0.013427,           0.0075063,             0.80275,              0.4812,             0.51577,             0.41689,            0.040158,           0.0064507,           0.0057275,           0.0092872,           0.0092872,           0.0092872
                  38,            0.033666,            0.013519,           0.0077858,             0.80253,             0.46865,               0.498,             0.39718,              0.0424,            0.006512,           0.0063204,           0.0092674,           0.0092674,           0.0092674
                  39,            0.033065,            0.013053,           0.0079302,             0.83695,             0.45723,             0.52169,             0.40779,            0.041575,           0.0070133,           0.0052874,           0.0092476,           0.0092476,           0.0092476
                  40,            0.033969,            0.013132,           0.0075178,             0.85576,             0.47442,             0.52114,              0.4003,            0.041064,            0.007002,           0.0043472,           0.0092278,           0.0092278,           0.0092278
                  41,            0.033205,            0.013516,           0.0074156,              0.8933,             0.45051,             0.53197,             0.40401,            0.041746,           0.0066532,           0.0048455,            0.009208,            0.009208,            0.009208
                  42,            0.033693,            0.013426,           0.0071595,             0.86252,             0.44341,              0.4913,             0.38756,            0.044544,           0.0078893,           0.0052412,           0.0091882,           0.0091882,           0.0091882
                  43,            0.033993,            0.013693,           0.0078284,             0.81908,             0.45598,             0.49719,             0.37097,            0.044683,           0.0077499,           0.0055818,           0.0091684,           0.0091684,           0.0091684
                  44,            0.032904,            0.013741,           0.0072222,             0.87929,              0.4649,             0.51978,             0.40849,              0.0426,           0.0070933,           0.0046545,           0.0091486,           0.0091486,           0.0091486
                  45,            0.032244,            0.012626,           0.0066441,             0.85923,             0.49933,             0.54117,             0.42229,            0.041542,            0.006114,           0.0039256,           0.0091288,           0.0091288,           0.0091288
                  46,            0.032814,            0.013052,           0.0071383,             0.83764,             0.48537,             0.52237,             0.39765,            0.043236,           0.0066095,           0.0060047,            0.009109,            0.009109,            0.009109
                  47,            0.033365,            0.012788,           0.0067213,             0.87085,             0.50041,             0.55073,             0.42566,            0.040199,           0.0065951,           0.0040655,           0.0090892,           0.0090892,           0.0090892
                  48,            0.033346,            0.012367,           0.0069299,             0.86844,             0.50553,              0.5537,             0.43027,            0.040057,           0.0061658,             0.00409,           0.0090694,           0.0090694,           0.0090694
                  49,            0.032542,            0.012925,           0.0068804,             0.74694,             0.42449,             0.44448,             0.35703,            0.047128,           0.0073219,           0.0079989,           0.0090496,           0.0090496,           0.0090496
                  50,            0.032469,            0.012875,           0.0065754,             0.75782,             0.48879,              0.4602,             0.34872,            0.043175,           0.0072219,            0.010293,           0.0090298,           0.0090298,           0.0090298
                  51,            0.032627,            0.012591,           0.0066783,             0.84096,             0.51233,              0.5465,             0.41414,            0.039304,           0.0066993,           0.0036993,             0.00901,             0.00901,             0.00901
                  52,             0.03179,            0.012161,           0.0070462,             0.84887,             0.45169,             0.49639,             0.40822,            0.044221,           0.0069356,            0.005778,           0.0089902,           0.0089902,           0.0089902
                  53,            0.032633,            0.013295,           0.0066706,             0.85847,             0.49872,             0.53775,             0.41818,             0.04018,           0.0066057,           0.0036053,           0.0089704,           0.0089704,           0.0089704
                  54,            0.031824,            0.012601,           0.0066841,             0.85486,              0.5163,             0.55062,             0.43512,            0.037266,           0.0065991,           0.0039591,           0.0089506,           0.0089506,           0.0089506
                  55,            0.032924,            0.012959,           0.0067719,             0.86804,             0.49622,             0.54471,             0.42142,            0.038323,           0.0071214,           0.0043579,           0.0089308,           0.0089308,           0.0089308
                  56,            0.031771,            0.012549,           0.0066552,             0.87365,             0.51136,             0.55986,             0.43607,            0.038282,           0.0069739,           0.0037064,            0.008911,            0.008911,            0.008911
                  57,            0.032106,            0.013169,           0.0068068,             0.86544,             0.45295,              0.5191,             0.41459,            0.039118,           0.0074682,           0.0041016,           0.0088912,           0.0088912,           0.0088912
                  58,            0.031798,            0.012878,           0.0068966,             0.90735,             0.46241,             0.53319,             0.42461,            0.039495,           0.0065973,           0.0046161,           0.0088714,           0.0088714,           0.0088714
                  59,            0.031352,            0.012913,           0.0063693,             0.85257,             0.51182,             0.55093,             0.41513,            0.038866,           0.0065192,           0.0045003,           0.0088516,           0.0088516,           0.0088516
                  60,            0.031597,            0.012297,           0.0062424,             0.86056,             0.51565,             0.55468,             0.43139,            0.036742,           0.0071538,            0.003303,           0.0088318,           0.0088318,           0.0088318
                  61,            0.030629,            0.012656,           0.0068013,             0.88385,             0.51394,             0.56672,             0.43269,            0.037305,           0.0073295,           0.0035323,            0.008812,            0.008812,            0.008812
                  62,            0.030948,            0.012575,           0.0065534,              0.8776,             0.52166,             0.56437,             0.43141,            0.037542,           0.0064945,           0.0033816,           0.0087922,           0.0087922,           0.0087922
                  63,            0.030995,            0.012752,           0.0062005,             0.87411,             0.50653,             0.55882,             0.43651,            0.036619,            0.007224,           0.0036748,           0.0087724,           0.0087724,           0.0087724
                  64,            0.030852,            0.012613,           0.0060673,             0.86176,             0.50448,             0.55196,             0.41909,            0.037329,           0.0061352,           0.0045837,           0.0087526,           0.0087526,           0.0087526
                  65,            0.030944,            0.012227,           0.0061173,             0.86463,             0.53405,             0.56569,             0.43525,             0.03709,           0.0058358,             0.00333,           0.0087328,           0.0087328,           0.0087328
                  66,            0.031645,            0.012735,           0.0064227,             0.87389,             0.53027,             0.56014,             0.42512,            0.038363,           0.0069985,           0.0033636,            0.008713,            0.008713,            0.008713
                  67,            0.030607,            0.012843,           0.0064712,             0.83689,             0.49992,             0.54379,             0.41677,            0.038814,           0.0068318,            0.004474,           0.0086932,           0.0086932,           0.0086932
                  68,            0.030596,            0.012352,           0.0062156,             0.86687,             0.46276,             0.53104,             0.43969,            0.037065,           0.0074859,           0.0039379,           0.0086734,           0.0086734,           0.0086734
                  69,            0.029765,            0.012244,           0.0068176,             0.82982,             0.50544,             0.53901,             0.43193,            0.038108,           0.0078617,           0.0037032,           0.0086536,           0.0086536,           0.0086536
                  70,            0.030747,            0.012399,           0.0058963,             0.87268,             0.51204,             0.56244,             0.45342,            0.036492,           0.0075581,           0.0033832,           0.0086338,           0.0086338,           0.0086338
                  71,             0.03024,            0.012505,           0.0063655,              0.8801,             0.49278,             0.55341,             0.43108,            0.036825,           0.0076468,           0.0036999,            0.008614,            0.008614,            0.008614
                  72,            0.030394,            0.012471,           0.0061904,             0.85292,             0.51287,             0.55762,             0.42344,            0.036637,           0.0072435,           0.0042132,           0.0085942,           0.0085942,           0.0085942
                  73,             0.03085,            0.012216,           0.0060472,             0.87769,             0.51454,             0.55647,             0.44085,             0.03649,            0.006442,           0.0033995,           0.0085744,           0.0085744,           0.0085744
                  74,            0.029836,            0.012972,           0.0071967,             0.87513,             0.44727,             0.50049,             0.42486,            0.041002,           0.0081823,           0.0053268,           0.0085546,           0.0085546,           0.0085546
                  75,            0.030582,            0.012145,           0.0064152,             0.88866,             0.50927,             0.55898,             0.44299,            0.035294,           0.0077371,           0.0036833,           0.0085348,           0.0085348,           0.0085348
                  76,            0.029847,            0.012363,           0.0064157,             0.89381,             0.51433,             0.56745,              0.4446,            0.036339,           0.0063864,           0.0030606,            0.008515,            0.008515,            0.008515
                  77,            0.029849,            0.012228,           0.0058132,             0.86897,              0.5254,             0.55678,             0.42283,            0.036936,           0.0065274,           0.0035596,           0.0084952,           0.0084952,           0.0084952
                  78,            0.030533,            0.012129,           0.0058638,             0.89291,             0.50901,             0.56343,             0.44409,              0.0366,           0.0061264,           0.0031982,           0.0084754,           0.0084754,           0.0084754
                  79,            0.029727,            0.012457,           0.0059318,             0.88887,             0.50521,             0.56114,             0.43602,            0.035438,           0.0065656,           0.0031807,           0.0084556,           0.0084556,           0.0084556
                  80,            0.028643,            0.011871,           0.0058743,             0.88488,             0.50987,             0.56087,             0.43422,             0.03622,           0.0071324,           0.0033237,           0.0084358,           0.0084358,           0.0084358
                  81,            0.030197,            0.011843,           0.0058455,             0.89216,             0.50422,             0.56519,             0.43602,            0.036223,           0.0068491,           0.0032528,            0.008416,            0.008416,            0.008416
                  82,            0.030368,            0.012109,             0.00598,             0.90207,             0.49034,             0.55471,             0.43592,            0.035471,           0.0064947,           0.0037177,           0.0083962,           0.0083962,           0.0083962
                  83,            0.029607,            0.011878,           0.0054622,              0.8703,             0.49151,             0.55208,             0.42638,             0.03633,           0.0062542,           0.0045166,           0.0083764,           0.0083764,           0.0083764
                  84,            0.029944,            0.012246,            0.005844,             0.87376,             0.51166,              0.5644,             0.45355,            0.036337,           0.0063948,             0.00332,           0.0083566,           0.0083566,           0.0083566
                  85,            0.028913,            0.011883,           0.0060329,             0.90307,              0.5058,             0.56447,             0.44006,             0.03474,           0.0064446,            0.003046,           0.0083368,           0.0083368,           0.0083368
                  86,            0.030469,             0.01238,           0.0057981,             0.87454,             0.49837,              0.5624,             0.42976,            0.035651,           0.0064304,           0.0033089,            0.008317,            0.008317,            0.008317
                  87,            0.028863,            0.012327,           0.0059177,             0.89929,             0.51754,             0.56673,             0.43927,            0.034609,           0.0064927,           0.0027478,           0.0082972,           0.0082972,           0.0082972
                  88,            0.029219,            0.011953,           0.0052329,             0.89003,             0.47023,             0.52419,             0.41983,            0.038337,            0.006644,           0.0039294,           0.0082774,           0.0082774,           0.0082774
                  89,            0.028799,             0.01219,           0.0055081,             0.89711,              0.4948,             0.55944,             0.43761,            0.034965,           0.0062751,           0.0030424,           0.0082576,           0.0082576,           0.0082576
                  90,            0.028831,            0.011911,           0.0058788,             0.89069,             0.52634,             0.57933,             0.44294,            0.034327,           0.0061048,           0.0026874,           0.0082378,           0.0082378,           0.0082378
                  91,            0.028726,            0.011745,           0.0055529,             0.93509,             0.51254,             0.57972,              0.4525,            0.034122,           0.0057316,           0.0028039,            0.008218,            0.008218,            0.008218
                  92,            0.027984,             0.01139,           0.0056071,             0.92198,             0.51809,             0.58814,             0.45519,            0.033106,           0.0060532,           0.0025709,           0.0081982,           0.0081982,           0.0081982
                  93,            0.028293,            0.011448,           0.0054711,              0.8942,             0.52034,             0.57634,              0.4452,            0.033762,            0.006787,           0.0027812,           0.0081784,           0.0081784,           0.0081784
                  94,            0.028527,            0.011794,            0.005522,             0.86175,              0.5353,             0.57546,             0.45191,            0.032919,           0.0067297,           0.0028492,           0.0081586,           0.0081586,           0.0081586
                  95,            0.028405,            0.011782,             0.00536,             0.87295,             0.53137,              0.5741,             0.44885,            0.034831,           0.0065198,           0.0032275,           0.0081388,           0.0081388,           0.0081388
                  96,            0.028976,            0.011316,           0.0055388,             0.91124,             0.50909,             0.57239,             0.44154,            0.034254,           0.0062119,            0.003279,            0.008119,            0.008119,            0.008119
                  97,            0.028601,            0.011545,           0.0059365,             0.89432,             0.50953,             0.54377,             0.43258,            0.039073,           0.0066217,           0.0035135,           0.0080992,           0.0080992,           0.0080992
                  98,            0.027726,             0.01079,           0.0057077,             0.78714,              0.5321,             0.52729,             0.41762,            0.036305,           0.0071141,            0.006395,           0.0080794,           0.0080794,           0.0080794
                  99,            0.028678,            0.011696,           0.0055228,             0.89072,             0.51091,               0.569,             0.44981,             0.03513,           0.0072751,           0.0028902,           0.0080596,           0.0080596,           0.0080596
                 100,            0.029012,            0.012288,           0.0056363,             0.86959,             0.52409,             0.57496,             0.43577,            0.033831,           0.0061292,           0.0030224,           0.0080398,           0.0080398,           0.0080398
                 101,             0.02894,            0.011476,           0.0054724,             0.81276,             0.50286,             0.54555,             0.42481,            0.034559,           0.0066111,           0.0036088,             0.00802,             0.00802,             0.00802
                 102,            0.029399,            0.011825,           0.0056332,             0.90006,             0.48998,             0.56017,             0.43238,            0.034287,             0.00648,           0.0036061,           0.0080002,           0.0080002,           0.0080002
                 103,            0.028584,            0.011881,           0.0050155,             0.90808,               0.512,             0.57473,             0.44375,            0.034253,           0.0060726,           0.0028811,           0.0079804,           0.0079804,           0.0079804
                 104,            0.028122,            0.011595,           0.0054607,             0.92683,             0.51481,              0.5796,             0.44998,            0.033396,           0.0057523,             0.00261,           0.0079606,           0.0079606,           0.0079606
                 105,            0.028453,            0.012052,           0.0056101,             0.87595,             0.53501,             0.57512,             0.44556,             0.03541,           0.0066119,           0.0030011,           0.0079408,           0.0079408,           0.0079408
                 106,            0.028326,            0.011651,           0.0051655,             0.88143,             0.55027,             0.58899,             0.45505,            0.033477,           0.0058248,           0.0025873,            0.007921,            0.007921,            0.007921
                 107,            0.028083,            0.010927,           0.0054532,             0.91205,             0.49565,             0.56988,             0.45199,            0.033478,           0.0065922,           0.0028921,           0.0079012,           0.0079012,           0.0079012
                 108,            0.028219,            0.011528,            0.005793,             0.90209,             0.51427,              0.5794,             0.45093,            0.034076,           0.0061811,           0.0027277,           0.0078814,           0.0078814,           0.0078814
                 109,            0.028276,             0.01196,            0.005559,             0.87222,             0.42509,              0.4787,             0.40119,              0.0403,           0.0083476,           0.0073665,           0.0078616,           0.0078616,           0.0078616
                 110,            0.027894,            0.011468,           0.0050742,             0.86576,             0.52525,             0.57217,             0.45724,            0.033072,           0.0058803,           0.0028557,           0.0078418,           0.0078418,           0.0078418
                 111,             0.02732,            0.010841,           0.0049517,             0.90808,             0.51831,             0.57348,             0.45394,            0.034939,           0.0073074,           0.0031519,            0.007822,            0.007822,            0.007822
                 112,            0.027972,            0.011055,           0.0051279,             0.89886,             0.53114,             0.58619,             0.45796,            0.032582,           0.0065238,           0.0023346,           0.0078022,           0.0078022,           0.0078022
                 113,            0.028348,            0.011696,           0.0052697,             0.90647,             0.52084,             0.58462,             0.45727,            0.032909,           0.0070713,           0.0027116,           0.0077824,           0.0077824,           0.0077824
                 114,             0.02748,            0.011083,           0.0055694,             0.87754,             0.52329,             0.57117,             0.45138,            0.033027,           0.0069782,           0.0030066,           0.0077626,           0.0077626,           0.0077626
                 115,            0.027739,            0.011508,           0.0058848,             0.92581,             0.51062,             0.58711,             0.45488,            0.032415,           0.0061591,           0.0024592,           0.0077428,           0.0077428,           0.0077428
                 116,             0.02788,            0.011339,           0.0049891,              0.8732,             0.54038,             0.57996,             0.45853,            0.031923,            0.006024,           0.0027998,            0.007723,            0.007723,            0.007723
                 117,            0.027465,              0.0108,           0.0050633,             0.92557,             0.50103,             0.57577,             0.45133,               0.033,           0.0069309,           0.0030968,           0.0077032,           0.0077032,           0.0077032
                 118,             0.02763,            0.011138,           0.0053195,             0.90379,             0.52922,             0.58159,             0.45412,            0.033055,           0.0066533,           0.0027119,           0.0076834,           0.0076834,           0.0076834
                 119,            0.027491,            0.011108,            0.005397,             0.90951,             0.52497,             0.58145,             0.45785,            0.032333,           0.0063211,           0.0026563,           0.0076636,           0.0076636,           0.0076636
                 120,            0.027666,            0.010974,           0.0054333,             0.91657,             0.50579,             0.57744,             0.45644,            0.033656,            0.006617,           0.0026926,           0.0076438,           0.0076438,           0.0076438
                 121,            0.027703,            0.011293,           0.0054196,             0.91378,              0.5277,             0.59208,              0.4709,             0.03143,           0.0062902,           0.0025515,            0.007624,            0.007624,            0.007624
                 122,            0.027874,            0.011668,           0.0048589,             0.88922,             0.52215,              0.5824,             0.46237,            0.032473,           0.0057386,           0.0027981,           0.0076042,           0.0076042,           0.0076042
                 123,            0.027228,            0.010692,           0.0051227,             0.90274,             0.53641,             0.59258,             0.46251,            0.032745,            0.006024,           0.0025687,           0.0075844,           0.0075844,           0.0075844
                 124,            0.027761,            0.011508,           0.0053185,             0.88578,             0.54586,             0.59075,             0.45866,            0.033876,           0.0061987,           0.0026769,           0.0075646,           0.0075646,           0.0075646
                 125,            0.027412,            0.011511,           0.0052838,              0.9433,             0.50057,             0.58284,               0.452,            0.032315,           0.0072309,           0.0025247,           0.0075448,           0.0075448,           0.0075448
                 126,            0.026763,             0.01138,           0.0046566,             0.88883,             0.52757,             0.59096,             0.46001,            0.032346,           0.0066041,           0.0027311,            0.007525,            0.007525,            0.007525
                 127,            0.026898,            0.010938,           0.0046644,             0.89604,              0.5101,             0.55771,             0.44253,            0.035425,           0.0071662,           0.0033643,           0.0075052,           0.0075052,           0.0075052
                 128,            0.027141,            0.011223,           0.0049144,             0.85263,             0.49421,             0.55435,             0.42267,            0.033525,           0.0063635,           0.0044097,           0.0074854,           0.0074854,           0.0074854
                 129,            0.026924,            0.011274,           0.0052481,             0.92941,             0.51884,             0.60453,             0.48916,            0.031805,           0.0059923,           0.0024828,           0.0074656,           0.0074656,           0.0074656
                 130,            0.027428,            0.010881,           0.0047857,             0.90983,             0.51392,             0.57471,             0.44794,            0.033648,           0.0061057,           0.0028097,           0.0074458,           0.0074458,           0.0074458
                 131,            0.027617,            0.011807,           0.0051716,             0.91491,              0.5111,             0.56977,             0.44922,            0.033514,           0.0068822,           0.0028576,            0.007426,            0.007426,            0.007426
                 132,            0.026343,            0.010936,           0.0046542,             0.91107,             0.51975,             0.56769,             0.44971,            0.033509,           0.0065902,           0.0032634,           0.0074062,           0.0074062,           0.0074062
                 133,            0.027407,            0.011562,           0.0054917,              0.9035,             0.54197,             0.58827,             0.46714,             0.03152,           0.0071275,           0.0028645,           0.0073864,           0.0073864,           0.0073864
                 134,            0.026904,            0.011646,           0.0049407,             0.88542,             0.55175,             0.58313,             0.46175,            0.032393,           0.0068683,           0.0027144,           0.0073666,           0.0073666,           0.0073666
                 135,            0.026499,             0.01122,           0.0047829,             0.88835,              0.5481,             0.59218,             0.47183,            0.032052,           0.0063766,           0.0024954,           0.0073468,           0.0073468,           0.0073468
                 136,            0.026963,            0.011428,            0.005099,             0.93944,               0.474,             0.57015,              0.4483,            0.033656,           0.0071301,           0.0029711,            0.007327,            0.007327,            0.007327
                 137,            0.026882,            0.010972,           0.0051452,             0.87886,             0.53961,             0.58768,             0.46111,            0.032652,           0.0065504,           0.0025557,           0.0073072,           0.0073072,           0.0073072
                 138,            0.027283,            0.011074,           0.0051143,              0.9194,             0.52573,             0.59343,             0.46443,            0.031865,           0.0069583,           0.0026905,           0.0072874,           0.0072874,           0.0072874
                 139,            0.026711,            0.011028,           0.0043554,             0.91652,              0.5375,             0.59853,             0.47064,            0.032041,           0.0066763,           0.0024086,           0.0072676,           0.0072676,           0.0072676
                 140,            0.026884,            0.010982,           0.0048977,             0.92279,             0.50839,             0.57792,             0.46423,             0.03193,           0.0066411,           0.0025541,           0.0072478,           0.0072478,           0.0072478
                 141,             0.02678,            0.011107,           0.0049631,             0.89623,             0.54296,             0.59779,             0.47374,            0.031731,           0.0067831,           0.0027872,            0.007228,            0.007228,            0.007228
                 142,            0.027384,            0.011357,           0.0048221,             0.89578,             0.54788,             0.59708,              0.4715,            0.031337,           0.0071239,           0.0025043,           0.0072082,           0.0072082,           0.0072082
                 143,            0.026988,            0.011125,           0.0047878,             0.93204,             0.51892,             0.65926,             0.52735,             0.03141,           0.0063487,           0.0024248,           0.0071884,           0.0071884,           0.0071884
                 144,            0.026193,            0.010999,           0.0049993,             0.94131,             0.52611,             0.60379,             0.46845,            0.031284,           0.0065155,           0.0024042,           0.0071686,           0.0071686,           0.0071686
                 145,             0.02682,            0.011185,           0.0046882,             0.92115,             0.51076,             0.58437,             0.45629,            0.032586,           0.0068126,           0.0028898,           0.0071488,           0.0071488,           0.0071488
                 146,            0.027223,            0.010995,           0.0048844,             0.92832,             0.52672,             0.59382,             0.46408,            0.032145,           0.0068721,           0.0026447,            0.007129,            0.007129,            0.007129
                 147,            0.026257,            0.010803,           0.0047207,             0.91336,             0.51524,             0.58089,             0.46157,            0.032389,             0.00665,           0.0027067,           0.0071092,           0.0071092,           0.0071092
                 148,            0.026202,            0.011126,           0.0048178,             0.92054,              0.5326,             0.59787,             0.46639,            0.032379,           0.0062782,           0.0025849,           0.0070894,           0.0070894,           0.0070894
                 149,            0.026495,            0.011575,           0.0049309,             0.91659,             0.53761,             0.59694,             0.46258,            0.031385,           0.0061605,           0.0022395,           0.0070696,           0.0070696,           0.0070696
                 150,            0.027265,            0.011211,             0.00494,             0.92526,             0.49638,             0.57038,             0.44527,            0.034353,           0.0065451,           0.0026479,           0.0070498,           0.0070498,           0.0070498
                 151,            0.026434,            0.010979,           0.0052162,             0.88825,             0.52572,             0.60891,             0.48211,            0.033676,           0.0067929,             0.00289,             0.00703,             0.00703,             0.00703
                 152,            0.026791,            0.011027,           0.0047332,             0.92295,             0.51132,             0.57654,             0.45372,            0.034476,           0.0068478,           0.0032957,           0.0070102,           0.0070102,           0.0070102
                 153,            0.026045,            0.010959,           0.0048863,             0.92045,             0.49738,             0.56558,             0.44709,            0.032331,           0.0070731,            0.002812,           0.0069904,           0.0069904,           0.0069904
                 154,            0.026698,            0.010938,           0.0050071,             0.91113,             0.53077,              0.5958,              0.4669,            0.032033,           0.0068274,           0.0024154,           0.0069706,           0.0069706,           0.0069706
                 155,            0.026486,            0.011288,            0.004977,             0.90962,             0.53794,             0.60091,             0.46791,            0.031331,           0.0069202,           0.0024952,           0.0069508,           0.0069508,           0.0069508
                 156,            0.025929,            0.010683,           0.0045762,             0.89215,              0.5592,             0.59279,             0.47144,            0.030545,           0.0068694,           0.0024008,            0.006931,            0.006931,            0.006931
                 157,            0.026891,            0.011092,           0.0052064,             0.91912,             0.53479,             0.59848,             0.46731,            0.031252,           0.0067605,           0.0021822,           0.0069112,           0.0069112,           0.0069112
                 158,            0.026742,            0.011032,           0.0047348,             0.89555,             0.54638,             0.59931,             0.46924,            0.030819,           0.0060757,           0.0022923,           0.0068914,           0.0068914,           0.0068914
                 159,             0.02607,            0.010868,           0.0048151,             0.87517,             0.56227,             0.59704,             0.46931,            0.030708,           0.0061682,           0.0024414,           0.0068716,           0.0068716,           0.0068716
                 160,             0.02549,            0.010702,           0.0047182,              0.9102,             0.54684,             0.59927,             0.47075,            0.031322,           0.0061956,           0.0022041,           0.0068518,           0.0068518,           0.0068518
                 161,            0.026556,            0.011118,           0.0044856,             0.91786,             0.53361,             0.59638,             0.46847,             0.03136,           0.0060101,           0.0022176,            0.006832,            0.006832,            0.006832
                 162,            0.026669,            0.010904,           0.0043435,             0.95328,             0.50934,             0.59812,             0.47837,            0.031319,           0.0064391,           0.0021498,           0.0068122,           0.0068122,           0.0068122
                 163,            0.025624,            0.010757,           0.0047423,             0.90742,              0.5406,             0.60294,              0.4835,            0.029973,           0.0064802,           0.0021805,           0.0067924,           0.0067924,           0.0067924
                 164,            0.026222,             0.01111,           0.0053393,             0.88647,             0.55966,             0.59565,             0.47226,             0.03108,           0.0067827,           0.0025035,           0.0067726,           0.0067726,           0.0067726
                 165,            0.026186,            0.011113,           0.0048909,             0.86493,             0.52124,             0.55953,             0.44047,            0.034554,           0.0074823,           0.0032592,           0.0067528,           0.0067528,           0.0067528
                 166,            0.025959,            0.010934,           0.0046102,             0.92631,             0.52951,             0.59503,             0.47045,            0.030908,           0.0067263,           0.0024397,            0.006733,            0.006733,            0.006733
                 167,            0.026559,            0.010961,           0.0044469,             0.90765,             0.54208,             0.59489,              0.4699,            0.029954,           0.0068139,           0.0024679,           0.0067132,           0.0067132,           0.0067132
                 168,            0.025213,            0.010288,           0.0045684,             0.89316,             0.56359,             0.60278,             0.47868,            0.030021,           0.0064812,           0.0021463,           0.0066934,           0.0066934,           0.0066934
                 169,            0.026118,            0.010737,           0.0050523,             0.91891,             0.54797,             0.60566,             0.47533,            0.030153,            0.007002,           0.0023609,           0.0066736,           0.0066736,           0.0066736
                 170,            0.025074,            0.010305,           0.0048408,             0.91414,             0.54221,             0.60194,             0.48353,            0.030103,           0.0062902,           0.0023559,           0.0066538,           0.0066538,           0.0066538
                 171,            0.025519,            0.010466,           0.0041946,             0.90894,             0.55554,             0.61362,             0.48507,            0.030499,           0.0066441,           0.0022966,            0.006634,            0.006634,            0.006634
                 172,            0.026092,            0.010772,            0.004847,              0.9039,             0.54912,             0.59584,              0.4695,             0.03069,           0.0060865,           0.0023355,           0.0066142,           0.0066142,           0.0066142
                 173,             0.02555,            0.010635,           0.0046904,             0.90856,              0.5436,             0.60718,             0.47916,            0.030842,           0.0064242,           0.0022497,           0.0065944,           0.0065944,           0.0065944
                 174,            0.025578,            0.010622,           0.0040993,             0.92203,             0.53562,             0.61942,             0.49068,            0.030028,           0.0065159,           0.0021169,           0.0065746,           0.0065746,           0.0065746
                 175,            0.025058,            0.010543,           0.0045378,             0.91684,              0.5417,             0.68055,             0.54469,             0.03049,           0.0060046,           0.0022056,           0.0065548,           0.0065548,           0.0065548
                 176,            0.025717,            0.010534,           0.0053248,             0.92805,             0.53801,             0.60798,             0.48318,            0.030112,           0.0059458,           0.0023392,            0.006535,            0.006535,            0.006535
                 177,            0.026039,            0.010559,           0.0043888,               0.897,               0.539,             0.59257,              0.4763,            0.030256,           0.0063919,           0.0023976,           0.0065152,           0.0065152,           0.0065152
                 178,            0.025642,            0.010434,           0.0044051,             0.92639,             0.53499,             0.60743,             0.49637,            0.029854,           0.0068115,           0.0025665,           0.0064954,           0.0064954,           0.0064954
                 179,            0.025763,            0.010846,           0.0047011,              0.9174,             0.54253,             0.60648,             0.47803,            0.030858,              0.0066,           0.0030676,           0.0064756,           0.0064756,           0.0064756
                 180,            0.025989,            0.010479,           0.0037076,             0.91813,             0.52697,             0.59055,             0.46724,            0.030849,           0.0068156,           0.0026521,           0.0064558,           0.0064558,           0.0064558
                 181,            0.025257,            0.010468,            0.004172,             0.91574,             0.53493,              0.6024,             0.47402,            0.030121,           0.0068332,           0.0024356,            0.006436,            0.006436,            0.006436
                 182,            0.025172,            0.010634,           0.0042916,             0.89814,             0.55342,             0.60494,             0.47849,             0.03003,              0.0064,           0.0022627,           0.0064162,           0.0064162,           0.0064162
                 183,            0.025346,             0.01033,           0.0042688,              0.8917,             0.56117,             0.60255,             0.47878,             0.03056,           0.0057599,           0.0024878,           0.0063964,           0.0063964,           0.0063964
                 184,            0.025739,           0.0099789,           0.0047019,             0.93944,             0.52553,             0.60033,             0.47387,             0.03022,            0.006055,           0.0022073,           0.0063766,           0.0063766,           0.0063766
                 185,            0.025573,            0.010542,           0.0042316,             0.90027,             0.54541,             0.59816,             0.48739,            0.029771,           0.0062349,           0.0024246,           0.0063568,           0.0063568,           0.0063568
                 186,            0.025181,             0.01045,           0.0046227,             0.92034,             0.54898,             0.60568,             0.47955,             0.02919,           0.0059298,           0.0022183,            0.006337,            0.006337,            0.006337
                 187,            0.025293,            0.010473,           0.0040956,             0.93732,             0.54315,             0.61226,              0.4874,            0.028848,           0.0070839,           0.0021775,           0.0063172,           0.0063172,           0.0063172
                 188,            0.025551,            0.010301,           0.0039069,             0.92992,             0.53577,             0.60413,             0.47393,            0.030341,           0.0068868,           0.0021709,           0.0062974,           0.0062974,           0.0062974
                 189,            0.025832,            0.010199,           0.0038591,             0.93803,              0.5243,             0.61446,             0.48624,            0.030065,           0.0070878,           0.0026191,           0.0062776,           0.0062776,           0.0062776
                 190,             0.02571,            0.010871,           0.0040551,             0.93506,             0.53375,             0.61018,             0.48083,            0.030348,           0.0076059,           0.0024854,           0.0062578,           0.0062578,           0.0062578
                 191,            0.024768,            0.010572,            0.004364,             0.93997,             0.53057,             0.60874,             0.48249,            0.029656,           0.0072753,           0.0023882,            0.006238,            0.006238,            0.006238
                 192,            0.024871,            0.010411,           0.0042395,             0.90757,             0.55622,             0.60753,             0.48428,            0.028888,           0.0071099,           0.0025635,           0.0062182,           0.0062182,           0.0062182
                 193,            0.025225,              0.0105,           0.0044268,              0.9034,             0.54479,              0.5996,              0.4778,            0.029471,           0.0062967,           0.0028936,           0.0061984,           0.0061984,           0.0061984
                 194,            0.025215,            0.010423,            0.004431,             0.93614,             0.53332,             0.60265,             0.47799,            0.029248,           0.0062778,           0.0026534,           0.0061786,           0.0061786,           0.0061786
                 195,            0.025011,            0.010063,           0.0049169,             0.92611,             0.54412,             0.62425,             0.49852,            0.029753,           0.0062391,           0.0024972,           0.0061588,           0.0061588,           0.0061588
                 196,            0.025492,            0.010638,           0.0045326,             0.90105,             0.55738,             0.59947,             0.47422,            0.030439,           0.0065189,           0.0025423,            0.006139,            0.006139,            0.006139
                 197,            0.024661,            0.010698,           0.0040586,             0.93345,              0.5467,             0.60556,             0.48572,             0.02925,           0.0060198,           0.0024167,           0.0061192,           0.0061192,           0.0061192
                 198,            0.024913,            0.010497,           0.0040101,             0.92761,             0.53769,             0.60389,             0.47678,            0.029731,            0.006296,           0.0027244,           0.0060994,           0.0060994,           0.0060994
                 199,            0.023783,            0.010112,            0.004017,             0.94478,             0.53491,             0.60997,              0.4814,            0.030368,           0.0067802,           0.0022715,           0.0060796,           0.0060796,           0.0060796
                 200,            0.025233,            0.010277,           0.0043096,             0.91766,             0.56226,             0.61654,             0.48622,            0.029053,              0.0064,           0.0025522,           0.0060598,           0.0060598,           0.0060598
                 201,            0.024458,            0.010109,           0.0043647,             0.92158,             0.54419,             0.60394,              0.4782,            0.029076,           0.0063588,           0.0025415,             0.00604,             0.00604,             0.00604
                 202,            0.025168,           0.0099093,           0.0039022,             0.92851,             0.54096,             0.62318,             0.49559,            0.029443,           0.0063757,            0.002213,           0.0060202,           0.0060202,           0.0060202
                 203,            0.025129,            0.010446,           0.0041126,             0.93568,             0.52878,             0.61517,             0.49151,            0.029236,           0.0061509,           0.0025749,           0.0060004,           0.0060004,           0.0060004
                 204,            0.025021,            0.010799,            0.004222,             0.93059,             0.52871,              0.5995,             0.47593,            0.029408,           0.0063156,           0.0025021,           0.0059806,           0.0059806,           0.0059806
                 205,            0.024948,            0.009959,           0.0039417,             0.93156,             0.54784,             0.60586,             0.48132,            0.029019,            0.006257,           0.0023432,           0.0059608,           0.0059608,           0.0059608
                 206,            0.024404,            0.010391,           0.0039189,             0.91848,             0.54689,             0.61021,             0.49002,            0.028283,            0.006125,           0.0022516,            0.005941,            0.005941,            0.005941
                 207,            0.024844,            0.010168,           0.0040931,             0.90316,             0.56474,             0.60228,             0.47849,            0.028938,           0.0061888,           0.0022272,           0.0059212,           0.0059212,           0.0059212
                 208,            0.024118,           0.0099739,            0.004359,             0.90719,              0.5583,             0.60425,             0.48991,            0.028695,           0.0065305,           0.0020335,           0.0059014,           0.0059014,           0.0059014
                 209,            0.024469,            0.010057,           0.0042677,             0.93048,             0.54021,             0.60708,             0.48233,            0.028967,           0.0069263,           0.0022214,           0.0058816,           0.0058816,           0.0058816
                 210,             0.02482,             0.01025,           0.0042057,             0.90352,             0.56338,             0.61361,             0.48975,            0.028619,            0.006771,           0.0020973,           0.0058618,           0.0058618,           0.0058618
                 211,            0.024245,            0.010408,           0.0043128,             0.92643,             0.54605,             0.60459,             0.47815,            0.029026,           0.0073912,           0.0022793,            0.005842,            0.005842,            0.005842
                 212,            0.024175,           0.0096554,           0.0039316,               0.921,             0.54877,             0.60691,             0.47824,            0.028673,           0.0069001,            0.002113,           0.0058222,           0.0058222,           0.0058222
                 213,            0.025047,            0.010064,           0.0044646,             0.92569,             0.55179,             0.60831,               0.482,             0.02835,           0.0060562,           0.0021691,           0.0058024,           0.0058024,           0.0058024
                 214,            0.024199,             0.01032,           0.0040786,             0.92175,             0.55937,             0.61167,             0.48197,            0.029233,            0.006101,           0.0022529,           0.0057826,           0.0057826,           0.0057826
                 215,            0.024406,             0.01022,           0.0038936,             0.93173,             0.54995,             0.61088,             0.48513,            0.028908,            0.006203,           0.0019977,           0.0057628,           0.0057628,           0.0057628
                 216,            0.024426,            0.010026,            0.004029,             0.94442,             0.53899,             0.60725,             0.48198,            0.029201,           0.0064766,           0.0025514,            0.005743,            0.005743,            0.005743
                 217,            0.024135,             0.01009,           0.0042879,             0.93984,             0.53997,             0.60862,             0.48393,            0.029042,           0.0066456,           0.0023756,           0.0057232,           0.0057232,           0.0057232
                 218,             0.02408,            0.010452,           0.0039682,             0.90546,             0.56385,             0.60723,             0.48368,            0.028723,           0.0064351,           0.0024047,           0.0057034,           0.0057034,           0.0057034
                 219,            0.025179,            0.010293,           0.0040384,             0.91023,             0.56073,             0.63169,             0.50244,            0.028807,           0.0061228,           0.0020573,           0.0056836,           0.0056836,           0.0056836
                 220,            0.024181,            0.010344,           0.0043159,             0.91797,             0.54526,             0.60411,             0.48368,            0.028981,           0.0066496,            0.002261,           0.0056638,           0.0056638,           0.0056638
                 221,            0.023798,           0.0099635,           0.0037604,             0.92882,             0.54597,              0.6151,             0.49227,            0.027892,           0.0064766,           0.0022357,            0.005644,            0.005644,            0.005644
                 222,            0.024109,           0.0098721,           0.0041406,             0.92825,             0.54337,             0.60899,             0.48849,            0.028099,           0.0064507,           0.0020852,           0.0056242,           0.0056242,           0.0056242
                 223,               0.024,           0.0099432,           0.0039427,             0.93804,             0.54263,             0.63065,             0.50425,            0.028284,            0.006235,           0.0020814,           0.0056044,           0.0056044,           0.0056044
                 224,            0.024413,            0.010285,            0.004014,             0.94343,             0.53924,             0.62066,             0.49265,            0.028035,           0.0066279,           0.0021171,           0.0055846,           0.0055846,           0.0055846
                 225,            0.024288,           0.0098202,           0.0043027,             0.94013,             0.53509,             0.60717,             0.48514,            0.028578,           0.0064835,           0.0023277,           0.0055648,           0.0055648,           0.0055648
                 226,            0.023876,            0.010187,            0.004005,             0.93492,             0.54201,             0.61829,             0.49328,            0.028483,             0.00593,           0.0021803,            0.005545,            0.005545,            0.005545
                 227,            0.023603,             0.01012,           0.0042626,              0.9395,             0.54471,             0.61424,             0.49087,            0.028568,           0.0056927,           0.0021212,           0.0055252,           0.0055252,           0.0055252
                 228,            0.023329,           0.0098475,            0.003736,             0.92722,             0.55111,                0.61,             0.48712,            0.028199,           0.0057711,           0.0020945,           0.0055054,           0.0055054,           0.0055054
                 229,            0.024051,            0.010292,           0.0038208,             0.94224,             0.54024,             0.61127,             0.48801,            0.028113,           0.0066968,           0.0019619,           0.0054856,           0.0054856,           0.0054856
                 230,            0.024382,           0.0099387,           0.0042217,             0.92668,             0.55169,             0.63264,             0.50294,            0.028215,           0.0057414,           0.0019815,           0.0054658,           0.0054658,           0.0054658
                 231,            0.023774,           0.0094983,           0.0034928,             0.93454,             0.54532,              0.6119,             0.48402,            0.028007,           0.0061435,           0.0020243,            0.005446,            0.005446,            0.005446
                 232,            0.023579,            0.010094,           0.0037071,             0.91497,             0.56374,             0.62545,              0.4988,              0.0279,           0.0063362,           0.0019939,           0.0054262,           0.0054262,           0.0054262
                 233,            0.023425,            0.010215,           0.0041978,             0.94273,             0.54682,             0.67692,             0.54746,            0.027159,           0.0062025,           0.0020304,           0.0054064,           0.0054064,           0.0054064
                 234,            0.023409,           0.0094729,           0.0040113,             0.94155,             0.54687,             0.64964,             0.52062,            0.027616,            0.006627,           0.0019503,           0.0053866,           0.0053866,           0.0053866
                 235,            0.024106,           0.0097087,              0.0042,             0.94035,             0.54451,              0.6243,              0.5004,            0.028217,           0.0061286,           0.0018735,           0.0053668,           0.0053668,           0.0053668
                 236,            0.023683,           0.0098729,           0.0037867,             0.94222,             0.54679,             0.62604,             0.49962,            0.028027,           0.0058425,           0.0019344,            0.005347,            0.005347,            0.005347
                 237,            0.023777,            0.010087,           0.0037451,             0.94322,             0.54525,             0.61343,              0.4867,            0.027793,           0.0062327,           0.0019725,           0.0053272,           0.0053272,           0.0053272
                 238,            0.023504,              0.0094,           0.0039828,             0.94323,             0.55341,             0.61578,              0.4911,            0.027172,           0.0058651,           0.0019496,           0.0053074,           0.0053074,           0.0053074
                 239,            0.023133,           0.0097972,           0.0040814,             0.93279,             0.55011,             0.61637,             0.49245,            0.027318,            0.005723,           0.0019908,           0.0052876,           0.0052876,           0.0052876
                 240,            0.023387,           0.0099479,           0.0042829,             0.93311,             0.54982,             0.62366,             0.50044,            0.027371,           0.0059282,           0.0020067,           0.0052678,           0.0052678,           0.0052678
                 241,            0.023289,           0.0099971,           0.0041927,             0.91334,             0.56554,              0.6139,              0.4909,            0.027608,           0.0059985,           0.0023254,            0.005248,            0.005248,            0.005248
                 242,            0.022904,            0.010239,           0.0039321,             0.92574,             0.55784,             0.61323,              0.4876,            0.027771,           0.0056134,            0.002018,           0.0052282,           0.0052282,           0.0052282
                 243,            0.023273,            0.010032,           0.0038125,               0.917,             0.56605,             0.61405,              0.4924,            0.027679,           0.0054126,           0.0019842,           0.0052084,           0.0052084,           0.0052084
                 244,            0.022656,           0.0099938,           0.0040139,             0.93845,             0.54804,             0.61367,             0.49191,            0.027145,           0.0056126,           0.0018702,           0.0051886,           0.0051886,           0.0051886
                 245,            0.023342,           0.0096839,             0.00406,             0.92914,             0.55013,             0.61209,             0.48779,            0.027549,           0.0062919,           0.0018379,           0.0051688,           0.0051688,           0.0051688
                 246,            0.024043,           0.0095834,           0.0037774,             0.90691,             0.57187,             0.61305,             0.49076,            0.027706,           0.0056687,           0.0019662,            0.005149,            0.005149,            0.005149
                 247,            0.023757,           0.0097744,           0.0040179,             0.93826,             0.54984,             0.61331,             0.49124,            0.027362,           0.0057627,           0.0018585,           0.0051292,           0.0051292,           0.0051292
                 248,            0.024052,           0.0098133,           0.0033117,             0.93428,             0.54225,             0.61584,             0.49259,            0.027377,           0.0056102,            0.001994,           0.0051094,           0.0051094,           0.0051094
                 249,            0.023069,              0.0097,           0.0037705,             0.93567,             0.54678,             0.61135,             0.48694,            0.027674,           0.0057057,           0.0020816,           0.0050896,           0.0050896,           0.0050896
                 250,            0.023568,            0.009773,           0.0037394,             0.93613,              0.5454,             0.61168,             0.49018,             0.02734,            0.005625,           0.0021688,           0.0050698,           0.0050698,           0.0050698
                 251,            0.022822,           0.0099325,           0.0042455,             0.90886,             0.56834,             0.61451,             0.49316,            0.027256,           0.0058964,           0.0019277,             0.00505,             0.00505,             0.00505
                 252,            0.023033,           0.0097196,           0.0038299,             0.93777,             0.55065,             0.61097,             0.48847,            0.027482,           0.0063045,           0.0019078,           0.0050302,           0.0050302,           0.0050302
                 253,            0.023094,           0.0094565,           0.0038014,             0.93942,             0.55013,             0.61133,             0.48844,            0.027657,           0.0064055,           0.0020517,           0.0050104,           0.0050104,           0.0050104
                 254,            0.023561,           0.0095464,           0.0036111,             0.94147,             0.54671,             0.61357,              0.4898,            0.027619,           0.0063882,           0.0018571,           0.0049906,           0.0049906,           0.0049906
                 255,             0.02251,           0.0094743,           0.0043302,             0.89823,             0.57417,             0.61181,             0.48926,            0.027371,           0.0066003,           0.0018456,           0.0049708,           0.0049708,           0.0049708
                 256,            0.023232,           0.0098217,           0.0037481,             0.90715,             0.57161,             0.61304,              0.4918,            0.027206,           0.0064246,           0.0018626,            0.004951,            0.004951,            0.004951
                 257,             0.02297,           0.0095369,           0.0039821,             0.91163,               0.566,              0.6123,             0.49009,            0.027078,           0.0066307,           0.0018874,           0.0049312,           0.0049312,           0.0049312
                 258,            0.023078,           0.0095262,           0.0039219,             0.94096,             0.54796,             0.61251,             0.49021,            0.027116,           0.0061439,           0.0019582,           0.0049114,           0.0049114,           0.0049114
                 259,             0.02354,           0.0095282,           0.0041725,             0.92506,             0.55785,             0.61267,             0.49117,            0.026841,           0.0058229,            0.001971,           0.0048916,           0.0048916,           0.0048916
                 260,            0.022981,            0.009706,           0.0035785,             0.92736,             0.55559,              0.6138,             0.49299,            0.026899,           0.0060325,           0.0020327,           0.0048718,           0.0048718,           0.0048718
                 261,            0.023682,           0.0099441,           0.0035811,             0.92805,             0.56073,              0.6152,             0.49275,            0.026927,           0.0058376,           0.0018902,            0.004852,            0.004852,            0.004852
                 262,            0.023104,           0.0095439,           0.0045829,             0.90702,             0.56995,             0.61582,             0.49419,            0.027029,           0.0060031,           0.0018604,           0.0048322,           0.0048322,           0.0048322
                 263,            0.023372,           0.0096941,           0.0037031,             0.90169,             0.58065,             0.61437,             0.49208,             0.02707,           0.0057618,           0.0019582,           0.0048124,           0.0048124,           0.0048124
                 264,            0.022607,           0.0097047,           0.0039413,             0.91279,             0.57589,              0.6151,             0.49139,            0.026765,           0.0053462,           0.0018969,           0.0047926,           0.0047926,           0.0047926
                 265,            0.023146,           0.0097269,           0.0036357,             0.93897,             0.54713,             0.61348,             0.48894,            0.027026,           0.0062075,           0.0019496,           0.0047728,           0.0047728,           0.0047728
                 266,            0.022912,           0.0094698,           0.0035895,             0.91151,             0.56812,              0.6139,             0.49101,             0.02698,           0.0062595,            0.001938,            0.004753,            0.004753,            0.004753
                 267,            0.022824,           0.0094153,           0.0035667,             0.92885,             0.55531,             0.61523,             0.49249,            0.026525,           0.0057949,           0.0018517,           0.0047332,           0.0047332,           0.0047332
                 268,            0.023124,           0.0096391,            0.003812,             0.90965,             0.57108,             0.61261,             0.49108,             0.02615,           0.0056037,           0.0018314,           0.0047134,           0.0047134,           0.0047134
                 269,            0.023655,           0.0094224,           0.0038236,             0.90573,             0.57831,             0.61537,             0.49389,            0.026409,           0.0055301,           0.0018872,           0.0046936,           0.0046936,           0.0046936
                 270,            0.023076,            0.009784,           0.0037369,             0.91253,             0.57448,             0.61635,             0.49309,            0.026724,           0.0056799,           0.0018522,           0.0046738,           0.0046738,           0.0046738
                 271,            0.022181,           0.0094966,            0.003636,             0.90649,             0.58449,             0.61562,             0.49215,            0.026766,           0.0057006,           0.0017421,            0.004654,            0.004654,            0.004654
                 272,            0.022337,           0.0096255,           0.0039957,             0.92374,             0.56809,             0.61599,             0.49154,            0.026807,           0.0056008,           0.0017595,           0.0046342,           0.0046342,           0.0046342
                 273,            0.023012,           0.0095595,           0.0040456,             0.91287,             0.58225,             0.61633,             0.49235,            0.026645,           0.0056188,           0.0017155,           0.0046144,           0.0046144,           0.0046144
                 274,             0.02283,           0.0098955,           0.0038658,             0.90938,             0.57748,             0.61419,             0.49048,            0.027074,           0.0056795,           0.0018122,           0.0045946,           0.0045946,           0.0045946
                 275,            0.022548,           0.0095346,             0.00399,             0.91878,             0.57183,              0.6154,             0.49096,            0.026827,           0.0057058,           0.0017932,           0.0045748,           0.0045748,           0.0045748
                 276,            0.022472,           0.0095473,           0.0036514,             0.91523,             0.58329,             0.61874,             0.49319,            0.027217,           0.0055381,           0.0017896,            0.004555,            0.004555,            0.004555
                 277,            0.022344,           0.0091293,           0.0032051,             0.92023,             0.57819,             0.61659,             0.49425,            0.026826,           0.0056288,           0.0018089,           0.0045352,           0.0045352,           0.0045352
                 278,            0.022685,           0.0092368,           0.0034985,             0.91758,             0.57538,             0.61585,             0.49442,            0.026285,           0.0055793,           0.0018879,           0.0045154,           0.0045154,           0.0045154
                 279,            0.022057,           0.0093007,           0.0037815,             0.92774,             0.56288,             0.61492,             0.49484,            0.026096,           0.0059022,           0.0018432,           0.0044956,           0.0044956,           0.0044956
                 280,            0.022871,           0.0094317,            0.003349,             0.91952,             0.56858,             0.61641,             0.49401,            0.026308,           0.0059893,           0.0018161,           0.0044758,           0.0044758,           0.0044758
                 281,            0.023035,           0.0094691,           0.0034067,             0.93232,             0.55426,             0.61462,             0.49229,            0.026728,           0.0058252,           0.0018143,            0.004456,            0.004456,            0.004456
                 282,            0.022297,           0.0095067,           0.0036308,             0.94355,              0.5568,             0.61565,             0.49293,            0.026815,           0.0057039,           0.0018582,           0.0044362,           0.0044362,           0.0044362
                 283,            0.022013,            0.009363,           0.0032486,             0.94681,             0.55837,             0.61637,             0.49578,            0.026554,           0.0057065,           0.0018294,           0.0044164,           0.0044164,           0.0044164
                 284,            0.022521,           0.0091035,           0.0038042,             0.94725,             0.55214,             0.61425,             0.49455,            0.026247,           0.0057842,           0.0018978,           0.0043966,           0.0043966,           0.0043966
                 285,            0.022899,           0.0096433,           0.0034632,             0.95058,              0.5561,              0.6161,             0.49624,            0.025787,           0.0058028,           0.0018452,           0.0043768,           0.0043768,           0.0043768
                 286,            0.022891,           0.0094355,           0.0038195,             0.95073,             0.55232,             0.61502,              0.4955,            0.025926,           0.0058915,           0.0018493,            0.004357,            0.004357,            0.004357
                 287,            0.022371,           0.0089877,           0.0032532,             0.93888,             0.55971,             0.61479,              0.4923,            0.026509,             0.00599,            0.001839,           0.0043372,           0.0043372,           0.0043372
                 288,            0.022286,           0.0093064,           0.0039334,             0.94448,             0.55742,             0.61601,             0.49484,            0.026528,           0.0057513,           0.0019212,           0.0043174,           0.0043174,           0.0043174
                 289,            0.022687,           0.0094966,           0.0036016,             0.91654,             0.57533,             0.61587,             0.49581,            0.026263,           0.0056057,            0.001756,           0.0042976,           0.0042976,           0.0042976
                 290,            0.021986,            0.009252,            0.003552,             0.94923,             0.55084,             0.61578,              0.4968,             0.02608,           0.0052479,           0.0018258,           0.0042778,           0.0042778,           0.0042778
                 291,            0.022185,           0.0092095,            0.003486,             0.93406,             0.56348,             0.61815,             0.49836,             0.02582,           0.0051179,           0.0018221,            0.004258,            0.004258,            0.004258
                 292,            0.022288,            0.009418,           0.0033238,             0.91949,             0.57729,              0.6182,             0.49606,            0.026276,           0.0053975,            0.001883,           0.0042382,           0.0042382,           0.0042382
                 293,            0.022061,           0.0091523,           0.0036472,             0.92024,             0.57826,              0.6185,             0.49833,            0.025815,            0.005551,           0.0016784,           0.0042184,           0.0042184,           0.0042184
                 294,            0.022114,           0.0088867,           0.0033014,             0.92381,             0.57029,             0.61686,             0.49836,            0.025717,           0.0053492,           0.0017227,           0.0041986,           0.0041986,           0.0041986
                 295,            0.021807,           0.0088224,           0.0032292,             0.95519,             0.54891,             0.61443,              0.5001,            0.025636,           0.0052195,           0.0017222,           0.0041788,           0.0041788,           0.0041788
                 296,            0.021677,           0.0093774,           0.0036552,             0.95177,             0.54758,             0.61555,             0.49734,            0.025964,           0.0054897,           0.0017066,            0.004159,            0.004159,            0.004159
                 297,            0.022245,           0.0091999,           0.0035446,             0.95083,             0.54214,             0.61383,             0.49423,            0.026492,           0.0055032,           0.0018499,           0.0041392,           0.0041392,           0.0041392
                 298,            0.022134,           0.0092345,           0.0034797,             0.91758,             0.57551,             0.61601,             0.49794,            0.026252,            0.005604,           0.0018095,           0.0041194,           0.0041194,           0.0041194
                 299,            0.022226,           0.0097023,           0.0036976,             0.91539,             0.58073,             0.61702,             0.49604,            0.026537,           0.0056322,           0.0017626,           0.0040996,           0.0040996,           0.0040996
                 300,            0.022281,           0.0093992,           0.0032542,             0.91141,             0.58631,             0.61855,             0.49543,            0.026242,           0.0055006,           0.0017019,           0.0040798,           0.0040798,           0.0040798
                 301,            0.021992,           0.0088475,           0.0032615,             0.91528,             0.58034,             0.62116,             0.49829,            0.025862,            0.005538,           0.0016839,             0.00406,             0.00406,             0.00406
                 302,            0.021802,           0.0092511,           0.0035828,             0.91057,             0.58285,             0.62191,             0.49964,            0.025992,           0.0055641,           0.0016972,           0.0040402,           0.0040402,           0.0040402
                 303,            0.022623,           0.0090948,           0.0035074,             0.94855,             0.55037,              0.6186,             0.49817,            0.026095,           0.0055634,           0.0017155,           0.0040204,           0.0040204,           0.0040204
                 304,            0.021925,           0.0089023,           0.0034901,             0.93201,             0.56372,             0.61962,             0.50011,            0.025886,           0.0056897,           0.0016874,           0.0040006,           0.0040006,           0.0040006
                 305,            0.021833,            0.009044,           0.0028527,             0.91447,             0.58133,              0.6183,             0.49876,            0.025565,           0.0058042,           0.0017799,           0.0039808,           0.0039808,           0.0039808
                 306,            0.022283,           0.0091261,           0.0034549,             0.91566,             0.58392,             0.61795,             0.50011,            0.025383,            0.005494,           0.0017651,            0.003961,            0.003961,            0.003961
                 307,            0.022319,           0.0091273,           0.0034589,             0.92096,             0.58012,              0.6198,             0.50431,            0.025417,           0.0054412,           0.0017149,           0.0039412,           0.0039412,           0.0039412
                 308,            0.021487,           0.0089091,           0.0035125,             0.91996,             0.58266,              0.6198,              0.5045,            0.025234,           0.0055081,           0.0018002,           0.0039214,           0.0039214,           0.0039214
                 309,            0.021578,           0.0090092,           0.0036909,              0.9169,             0.58569,             0.61857,             0.50144,            0.025688,           0.0055025,           0.0018843,           0.0039016,           0.0039016,           0.0039016
                 310,            0.021296,           0.0089219,           0.0032131,             0.96086,             0.55286,               0.619,             0.50267,            0.025569,           0.0055589,           0.0018211,           0.0038818,           0.0038818,           0.0038818
                 311,            0.021971,           0.0094846,           0.0034654,             0.96035,             0.55474,             0.61902,             0.49883,            0.025821,           0.0055417,           0.0017911,            0.003862,            0.003862,            0.003862
                 312,            0.021595,           0.0090581,           0.0034437,             0.94823,             0.55837,              0.6183,             0.49833,            0.025453,           0.0055622,           0.0017037,           0.0038422,           0.0038422,           0.0038422
                 313,            0.021354,           0.0091522,           0.0035015,             0.95696,             0.55552,              0.6184,               0.499,            0.025662,           0.0055681,           0.0017212,           0.0038224,           0.0038224,           0.0038224
                 314,            0.021402,           0.0089236,           0.0031005,             0.95684,             0.55559,             0.61875,             0.49931,            0.025358,           0.0056804,           0.0017628,           0.0038026,           0.0038026,           0.0038026
                 315,             0.02181,           0.0089964,           0.0031659,             0.94754,             0.55812,             0.61819,             0.49918,            0.025494,           0.0057172,           0.0018013,           0.0037828,           0.0037828,           0.0037828
                 316,            0.021744,           0.0087401,           0.0035771,              0.9527,             0.55777,             0.61844,             0.49998,            0.025243,           0.0058158,           0.0017997,            0.003763,            0.003763,            0.003763
                 317,            0.021779,           0.0091012,           0.0033243,             0.94676,             0.55921,             0.61882,             0.49999,            0.025408,           0.0056647,           0.0017831,           0.0037432,           0.0037432,           0.0037432
                 318,            0.021706,           0.0091965,           0.0033261,              0.9265,             0.57386,             0.61826,             0.49996,            0.025732,           0.0057181,           0.0016812,           0.0037234,           0.0037234,           0.0037234
                 319,            0.022278,           0.0091683,           0.0032506,             0.92495,              0.5803,             0.62022,             0.50076,            0.025813,           0.0054947,           0.0016786,           0.0037036,           0.0037036,           0.0037036
                 320,            0.021235,           0.0089168,           0.0031674,             0.92799,             0.57517,              0.6206,             0.49981,            0.025746,           0.0056553,           0.0017106,           0.0036838,           0.0036838,           0.0036838
                 321,            0.021916,           0.0091777,           0.0031349,             0.94445,              0.5622,             0.61996,             0.50247,            0.025269,           0.0056566,           0.0017049,            0.003664,            0.003664,            0.003664
                 322,            0.021275,           0.0087245,           0.0036377,             0.92462,              0.5746,             0.62074,             0.50287,             0.02532,           0.0058302,           0.0016883,           0.0036442,           0.0036442,           0.0036442
                 323,            0.021064,           0.0089132,           0.0034294,             0.91464,             0.58655,             0.62255,             0.50447,            0.025277,           0.0059797,           0.0017483,           0.0036244,           0.0036244,           0.0036244
                 324,            0.022041,           0.0091006,           0.0029639,             0.94562,             0.55751,             0.62556,             0.50663,            0.025202,           0.0061891,            0.001795,           0.0036046,           0.0036046,           0.0036046
                 325,            0.020482,           0.0089312,           0.0034679,             0.94646,             0.55819,             0.62067,             0.50072,             0.02529,           0.0059804,           0.0017834,           0.0035848,           0.0035848,           0.0035848
                 326,            0.021498,           0.0085878,           0.0033312,             0.94059,              0.5616,             0.61498,             0.49783,            0.025633,           0.0059498,           0.0017318,            0.003565,            0.003565,            0.003565
                 327,            0.020831,           0.0088931,            0.003231,             0.95287,              0.5562,             0.61584,             0.49871,            0.025484,           0.0058419,           0.0017571,           0.0035452,           0.0035452,           0.0035452
                 328,            0.021121,           0.0086284,           0.0032685,             0.95756,             0.55408,             0.61641,             0.49853,            0.025622,           0.0059352,           0.0017542,           0.0035254,           0.0035254,           0.0035254
                 329,            0.021024,           0.0085037,           0.0027724,             0.95234,             0.55409,             0.61709,               0.499,            0.025706,           0.0059851,           0.0017474,           0.0035056,           0.0035056,           0.0035056
                 330,            0.020916,           0.0088954,           0.0032422,             0.92167,             0.57709,             0.61747,             0.50075,            0.025577,           0.0061641,             0.00174,           0.0034858,           0.0034858,           0.0034858
                 331,            0.021372,           0.0088869,           0.0032244,              0.9207,             0.57702,             0.61779,             0.50053,            0.025484,           0.0062267,            0.001768,            0.003466,            0.003466,            0.003466
                 332,            0.021556,           0.0093544,           0.0032184,             0.93597,             0.56574,             0.61829,             0.50142,            0.025336,           0.0061577,            0.001716,           0.0034462,           0.0034462,           0.0034462
                 333,            0.021139,           0.0088776,           0.0032089,             0.94081,             0.56006,             0.61862,             0.50041,            0.025463,            0.006299,           0.0016884,           0.0034264,           0.0034264,           0.0034264
